{"combinedjson": {"compos": [{"id": 0, "class": "Compo", "height": 435, "width": 484, "position": {"column_min": 289, "row_min": 176, "column_max": 773, "row_max": 611}, "embeddedtext": [{"id": 1, "class": "Text", "height": 23, "width": 141, "position": {"column_min": 314, "row_min": 207, "column_max": 455, "row_max": 230}, "text_content": "Word of the Day"}, {"id": 2, "class": "Text", "height": 43, "width": 275, "position": {"column_min": 316, "row_min": 248, "column_max": 591, "row_max": 291}, "text_content": "be nev.o lent"}, {"id": 3, "class": "Text", "height": 23, "width": 78, "position": {"column_min": 314, "row_min": 309, "column_max": 392, "row_max": 332}, "text_content": "adjective"}, {"id": 4, "class": "Text", "height": 23, "width": 216, "position": {"column_min": 314, "row_min": 355, "column_max": 530, "row_max": 378}, "text_content": "well meaning and kindly ."}, {"id": 5, "class": "Text", "height": 21, "width": 161, "position": {"column_min": 326, "row_min": 382, "column_max": 487, "row_max": 403}, "text_content": "a benevolent smile"}, {"id": 6, "class": "Text", "height": 23, "width": 430, "position": {"column_min": 314, "row_min": 438, "column_max": 744, "row_max": 461}, "text_content": "synonyms : kind , kindly , kindhearted , big hearted ,"}, {"id": 7, "class": "Text", "height": 22, "width": 395, "position": {"column_min": 315, "row_min": 467, "column_max": 710, "row_max": 489}, "text_content": "good natured , good , benign , compassionate ,"}, {"id": 8, "class": "Text", "height": 22, "width": 397, "position": {"column_min": 315, "row_min": 495, "column_max": 712, "row_max": 517}, "text_content": "caring , altruistic , humanitarian , philanthropic"}, {"id": 9, "class": "Text", "height": 17, "width": 126, "position": {"column_min": 314, "row_min": 560, "column_max": 440, "row_max": 577}, "text_content": "LEARN MORE"}], "name": "Cards"}], "texts": [{"id": 1, "class": "Text", "height": 23, "width": 141, "position": {"column_min": 314, "row_min": 207, "column_max": 455, "row_max": 230}, "text_content": "Word of the Day"}, {"id": 2, "class": "Text", "height": 43, "width": 275, "position": {"column_min": 316, "row_min": 248, "column_max": 591, "row_max": 291}, "text_content": "be nev.o lent"}, {"id": 3, "class": "Text", "height": 23, "width": 78, "position": {"column_min": 314, "row_min": 309, "column_max": 392, "row_max": 332}, "text_content": "adjective"}, {"id": 4, "class": "Text", "height": 23, "width": 216, "position": {"column_min": 314, "row_min": 355, "column_max": 530, "row_max": 378}, "text_content": "well meaning and kindly ."}, {"id": 5, "class": "Text", "height": 21, "width": 161, "position": {"column_min": 326, "row_min": 382, "column_max": 487, "row_max": 403}, "text_content": "a benevolent smile"}, {"id": 6, "class": "Text", "height": 23, "width": 430, "position": {"column_min": 314, "row_min": 438, "column_max": 744, "row_max": 461}, "text_content": "synonyms : kind , kindly , kindhearted , big hearted ,"}, {"id": 7, "class": "Text", "height": 22, "width": 395, "position": {"column_min": 315, "row_min": 467, "column_max": 710, "row_max": 489}, "text_content": "good natured , good , benign , compassionate ,"}, {"id": 8, "class": "Text", "height": 22, "width": 397, "position": {"column_min": 315, "row_min": 495, "column_max": 712, "row_max": 517}, "text_content": "caring , altruistic , humanitarian , philanthropic"}, {"id": 9, "class": "Text", "height": 17, "width": 126, "position": {"column_min": 314, "row_min": 560, "column_max": 440, "row_max": 577}, "text_content": "LEARN MORE"}], "img_shape": [784, 1064, 3]}}