{"combinedjson": {"compos": [{"id": 0, "class": "Compo", "height": 16, "width": 45, "position": {"column_min": 450, "row_min": 16, "column_max": 495, "row_max": 32}}, {"id": 1, "class": "Compo", "height": 31, "width": 15, "position": {"column_min": 464, "row_min": 65, "column_max": 479, "row_max": 96}}, {"id": 2, "class": "Compo", "height": 56, "width": 404, "position": {"column_min": 11, "row_min": 164, "column_max": 415, "row_max": 220}, "embeddedtext": [{"id": 11, "class": "Text", "height": 21, "width": 46, "position": {"column_min": 103, "row_min": 179, "column_max": 149, "row_max": 200}, "text_content": "Inbox", "text_meta": []}]}, {"id": 3, "class": "Compo", "height": 26, "width": 31, "position": {"column_min": 24, "row_min": 246, "column_max": 55, "row_max": 272}}, {"id": 4, "class": "Compo", "height": 28, "width": 31, "position": {"column_min": 24, "row_min": 313, "column_max": 55, "row_max": 341}}, {"id": 5, "class": "Compo", "height": 31, "width": 29, "position": {"column_min": 24, "row_min": 377, "column_max": 53, "row_max": 408}}, {"id": 6, "class": "Compo", "height": 4, "width": 27, "position": {"column_min": 431, "row_min": 448, "column_max": 458, "row_max": 452}}, {"id": 7, "class": "Block", "height": 452, "width": 503, "position": {"column_min": 0, "row_min": 0, "column_max": 503, "row_max": 452}, "embeddedtext": [{"id": 9, "class": "Text", "height": 31, "width": 49, "position": {"column_min": 26, "row_min": 64, "column_max": 75, "row_max": 95}, "text_content": "Mail", "text_meta": ["Mail"]}, {"id": 10, "class": "Text", "height": 23, "width": 194, "position": {"column_min": 24, "row_min": 101, "column_max": 218, "row_max": 124}, "text_content": "scott_t88@gmail.com", "text_meta": ["scott_t88@gmail.com"]}, {"id": 11, "class": "Text", "height": 21, "width": 46, "position": {"column_min": 103, "row_min": 179, "column_max": 149, "row_max": 200}, "text_content": "Inbox", "text_meta": []}, {"id": 12, "class": "Text", "height": 22, "width": 61, "position": {"column_min": 103, "row_min": 246, "column_max": 164, "row_max": 268}, "text_content": "Outbox", "text_meta": ["Outbox", "Outbox"]}, {"id": 13, "class": "Text", "height": 25, "width": 262, "position": {"column_min": 103, "row_min": 312, "column_max": 365, "row_max": 337}, "text_content": "Summer Vacation Planning ...", "text_meta": ["Summer Vacation Planning Thota pissuda yako", "Summer Vacation Planning Thota pissuda yako"]}, {"id": 14, "class": "Text", "height": 19, "width": 30, "position": {"column_min": 431, "row_min": 341, "column_max": 461, "row_max": 360}, "text_content": "Id ...", "text_meta": []}, {"id": 15, "class": "Text", "height": 20, "width": 66, "position": {"column_min": 101, "row_min": 381, "column_max": 167, "row_max": 401}, "text_content": "Archive", "text_meta": ["Archive", "Archive"]}], "embeddedcompos": [{"id": 0, "class": "Compo", "height": 16, "width": 45, "position": {"column_min": 450, "row_min": 16, "column_max": 495, "row_max": 32}}, {"id": 1, "class": "Compo", "height": 31, "width": 15, "position": {"column_min": 464, "row_min": 65, "column_max": 479, "row_max": 96}}, {"id": 2, "class": "Compo", "height": 56, "width": 404, "position": {"column_min": 11, "row_min": 164, "column_max": 415, "row_max": 220}, "embeddedtext": [{"id": 11, "class": "Text", "height": 21, "width": 46, "position": {"column_min": 103, "row_min": 179, "column_max": 149, "row_max": 200}, "text_content": "Inbox", "text_meta": []}]}, {"id": 3, "class": "Compo", "height": 26, "width": 31, "position": {"column_min": 24, "row_min": 246, "column_max": 55, "row_max": 272}}, {"id": 4, "class": "Compo", "height": 28, "width": 31, "position": {"column_min": 24, "row_min": 313, "column_max": 55, "row_max": 341}}, {"id": 5, "class": "Compo", "height": 31, "width": 29, "position": {"column_min": 24, "row_min": 377, "column_max": 53, "row_max": 408}}, {"id": 6, "class": "Compo", "height": 4, "width": 27, "position": {"column_min": 431, "row_min": 448, "column_max": 458, "row_max": 452}}]}, {"id": 8, "class": "Block", "height": 1, "width": 504, "position": {"column_min": 0, "row_min": 452, "column_max": 504, "row_max": 453}}], "texts": [{"id": 9, "class": "Text", "height": 31, "width": 49, "position": {"column_min": 26, "row_min": 64, "column_max": 75, "row_max": 95}, "text_content": "Mail", "text_meta": ["Mail"]}, {"id": 10, "class": "Text", "height": 23, "width": 194, "position": {"column_min": 24, "row_min": 101, "column_max": 218, "row_max": 124}, "text_content": "scott_t88@gmail.com", "text_meta": ["scott_t88@gmail.com"]}, {"id": 11, "class": "Text", "height": 21, "width": 46, "position": {"column_min": 103, "row_min": 179, "column_max": 149, "row_max": 200}, "text_content": "Inbox", "text_meta": []}, {"id": 12, "class": "Text", "height": 22, "width": 61, "position": {"column_min": 103, "row_min": 246, "column_max": 164, "row_max": 268}, "text_content": "Outbox", "text_meta": ["Outbox", "Outbox"]}, {"id": 13, "class": "Text", "height": 25, "width": 262, "position": {"column_min": 103, "row_min": 312, "column_max": 365, "row_max": 337}, "text_content": "Summer Vacation Planning ...", "text_meta": ["Summer Vacation Planning Thota pissuda yako", "Summer Vacation Planning Thota pissuda yako"]}, {"id": 14, "class": "Text", "height": 19, "width": 30, "position": {"column_min": 431, "row_min": 341, "column_max": 461, "row_max": 360}, "text_content": "Id ...", "text_meta": []}, {"id": 15, "class": "Text", "height": 20, "width": 66, "position": {"column_min": 101, "row_min": 381, "column_max": 167, "row_max": 401}, "text_content": "Archive", "text_meta": ["Archive", "Archive"]}], "screen_size": [453, 504, 3]}}