{"combinedjson": {"compos": [{"id": 0, "class": "Compo", "height": 34, "width": 34, "position": {"column_min": 24, "row_min": 25, "column_max": 58, "row_max": 59}, "name": null}, {"id": 1, "class": "Compo", "height": 34, "width": 34, "position": {"column_min": 556, "row_min": 25, "column_max": 590, "row_max": 59}, "name": null}, {"id": 2, "class": "Compo", "height": 560, "width": 317, "position": {"column_min": 106, "row_min": 114, "column_max": 423, "row_max": 674}, "embeddedtext": [{"id": 9, "class": "Text", "height": 16, "width": 30, "position": {"column_min": 124, "row_min": 152, "column_max": 154, "row_max": 168}, "text_content": "Mail"}, {"id": 10, "class": "Text", "height": 16, "width": 121, "position": {"column_min": 123, "row_min": 173, "column_max": 244, "row_max": 189}, "text_content": "scott_t88@gmail.com"}, {"id": 13, "class": "Text", "height": 12, "width": 29, "position": {"column_min": 171, "row_min": 221, "column_max": 200, "row_max": 233}, "text_content": "Inbox"}, {"id": 18, "class": "Text", "height": 12, "width": 38, "position": {"column_min": 171, "row_min": 263, "column_max": 209, "row_max": 275}, "text_content": "Outbox"}, {"id": 19, "class": "Text", "height": 14, "width": 50, "position": {"column_min": 171, "row_min": 304, "column_max": 221, "row_max": 318}, "text_content": "Favorites"}, {"id": 24, "class": "Text", "height": 12, "width": 19, "position": {"column_min": 375, "row_min": 323, "column_max": 394, "row_max": 335}, "text_content": "Id ..."}, {"id": 25, "class": "Text", "height": 16, "width": 41, "position": {"column_min": 170, "row_min": 344, "column_max": 211, "row_max": 360}, "text_content": "Archive"}, {"id": 30, "class": "Text", "height": 13, "width": 29, "position": {"column_min": 171, "row_min": 387, "column_max": 200, "row_max": 400}, "text_content": "Trash"}, {"id": 31, "class": "Text", "height": 13, "width": 36, "position": {"column_min": 374, "row_min": 385, "column_max": 410, "row_max": 398}, "text_content": "reco ..."}, {"id": 34, "class": "Text", "height": 14, "width": 30, "position": {"column_min": 171, "row_min": 429, "column_max": 201, "row_max": 443}, "text_content": "Spam"}, {"id": 35, "class": "Text", "height": 10, "width": 18, "position": {"column_min": 372, "row_min": 448, "column_max": 390, "row_max": 458}, "text_content": "out"}, {"id": 37, "class": "Text", "height": 14, "width": 35, "position": {"column_min": 122, "row_min": 484, "column_max": 157, "row_max": 498}, "text_content": "Labels"}, {"id": 38, "class": "Text", "height": 13, "width": 22, "position": {"column_min": 374, "row_min": 509, "column_max": 396, "row_max": 522}, "text_content": "ted ."}, {"id": 39, "class": "Text", "height": 14, "width": 35, "position": {"column_min": 171, "row_min": 525, "column_max": 206, "row_max": 539}, "text_content": "Family"}, {"id": 41, "class": "Text", "height": 12, "width": 39, "position": {"column_min": 171, "row_min": 567, "column_max": 210, "row_max": 579}, "text_content": "Friends"}, {"id": 43, "class": "Text", "height": 11, "width": 27, "position": {"column_min": 171, "row_min": 611, "column_max": 198, "row_max": 622}, "text_content": "Work"}], "name": null}, {"id": 3, "class": "Compo", "height": 560, "width": 317, "position": {"column_min": 638, "row_min": 114, "column_max": 955, "row_max": 674}, "embeddedtext": [{"id": 11, "class": "Text", "height": 22, "width": 49, "position": {"column_min": 656, "row_min": 156, "column_max": 705, "row_max": 178}, "text_content": "Inbox"}, {"id": 12, "class": "Text", "height": 14, "width": 32, "position": {"column_min": 655, "row_min": 200, "column_max": 687, "row_max": 214}, "text_content": "Today"}, {"id": 14, "class": "Text", "height": 15, "width": 26, "position": {"column_min": 654, "row_min": 249, "column_max": 680, "row_max": 264}, "text_content": "19"}, {"id": 15, "class": "Text", "height": 15, "width": 135, "position": {"column_min": 703, "row_min": 240, "column_max": 838, "row_max": 255}, "text_content": "Brunch this weekend ?"}, {"id": 16, "class": "Text", "height": 14, "width": 63, "position": {"column_min": 704, "row_min": 260, "column_max": 767, "row_max": 274}, "text_content": "Ali Connors"}, {"id": 17, "class": "Text", "height": 14, "width": 129, "position": {"column_min": 789, "row_min": 260, "column_max": 918, "row_max": 274}, "text_content": "I'll be in your neighbor ..."}, {"id": 20, "class": "Text", "height": 16, "width": 81, "position": {"column_min": 703, "row_min": 302, "column_max": 784, "row_max": 318}, "text_content": "Summer BBQ"}, {"id": 21, "class": "Text", "height": 16, "width": 139, "position": {"column_min": 704, "row_min": 320, "column_max": 843, "row_max": 336}, "text_content": "to Sandra , Scott , Jennifer"}, {"id": 22, "class": "Text", "height": 16, "width": 22, "position": {"column_min": 871, "row_min": 320, "column_max": 893, "row_max": 336}, "text_content": "wish"}, {"id": 23, "class": "Text", "height": 16, "width": 35, "position": {"column_min": 907, "row_min": 320, "column_max": 942, "row_max": 336}, "text_content": "could .."}, {"id": 26, "class": "Text", "height": 12, "width": 24, "position": {"column_min": 703, "row_min": 365, "column_max": 727, "row_max": 377}, "text_content": "Yes !"}, {"id": 27, "class": "Text", "height": 9, "width": 68, "position": {"column_min": 704, "row_min": 385, "column_max": 772, "row_max": 394}, "text_content": "Candra Adam"}, {"id": 28, "class": "Text", "height": 9, "width": 18, "position": {"column_min": 846, "row_min": 385, "column_max": 864, "row_max": 394}, "text_content": "hou"}, {"id": 29, "class": "Text", "height": 9, "width": 40, "position": {"column_min": 876, "row_min": 385, "column_max": 916, "row_max": 394}, "text_content": "Dari na"}, {"id": 32, "class": "Text", "height": 16, "width": 30, "position": {"column_min": 655, "row_min": 409, "column_max": 685, "row_max": 425}, "text_content": "Mail"}, {"id": 33, "class": "Text", "height": 17, "width": 121, "position": {"column_min": 654, "row_min": 428, "column_max": 775, "row_max": 445}, "text_content": "scott_t88@gmail.com"}, {"id": 36, "class": "Text", "height": 12, "width": 29, "position": {"column_min": 703, "row_min": 479, "column_max": 732, "row_max": 491}, "text_content": "Inbox"}, {"id": 40, "class": "Text", "height": 14, "width": 38, "position": {"column_min": 703, "row_min": 520, "column_max": 741, "row_max": 534}, "text_content": "Outbox"}, {"id": 42, "class": "Text", "height": 14, "width": 50, "position": {"column_min": 704, "row_min": 561, "column_max": 754, "row_max": 575}, "text_content": "Favorites"}, {"id": 44, "class": "Text", "height": 14, "width": 40, "position": {"column_min": 703, "row_min": 603, "column_max": 743, "row_max": 617}, "text_content": "Archive"}, {"id": 45, "class": "Text", "height": 12, "width": 29, "position": {"column_min": 704, "row_min": 645, "column_max": 733, "row_max": 657}, "text_content": "Trash"}], "name": null}, {"id": 4, "class": "Compo", "height": 327, "width": 262, "position": {"column_min": 110, "row_min": 136, "column_max": 372, "row_max": 463}, "embeddedtext": [{"id": 9, "class": "Text", "height": 16, "width": 30, "position": {"column_min": 124, "row_min": 152, "column_max": 154, "row_max": 168}, "text_content": "Mail"}, {"id": 10, "class": "Text", "height": 16, "width": 121, "position": {"column_min": 123, "row_min": 173, "column_max": 244, "row_max": 189}, "text_content": "scott_t88@gmail.com"}, {"id": 13, "class": "Text", "height": 12, "width": 29, "position": {"column_min": 171, "row_min": 221, "column_max": 200, "row_max": 233}, "text_content": "Inbox"}, {"id": 18, "class": "Text", "height": 12, "width": 38, "position": {"column_min": 171, "row_min": 263, "column_max": 209, "row_max": 275}, "text_content": "Outbox"}, {"id": 19, "class": "Text", "height": 14, "width": 50, "position": {"column_min": 171, "row_min": 304, "column_max": 221, "row_max": 318}, "text_content": "Favorites"}, {"id": 25, "class": "Text", "height": 16, "width": 41, "position": {"column_min": 170, "row_min": 344, "column_max": 211, "row_max": 360}, "text_content": "Archive"}, {"id": 30, "class": "Text", "height": 13, "width": 29, "position": {"column_min": 171, "row_min": 387, "column_max": 200, "row_max": 400}, "text_content": "Trash"}, {"id": 34, "class": "Text", "height": 14, "width": 30, "position": {"column_min": 171, "row_min": 429, "column_max": 201, "row_max": 443}, "text_content": "Spam"}], "name": "Navigation Drawer"}, {"id": 5, "class": "Compo", "height": 33, "width": 249, "position": {"column_min": 116, "row_min": 212, "column_max": 365, "row_max": 245}, "embeddedtext": [{"id": 13, "class": "Text", "height": 12, "width": 29, "position": {"column_min": 171, "row_min": 221, "column_max": 200, "row_max": 233}, "text_content": "Inbox"}], "name": null}, {"id": 6, "class": "Compo", "height": 178, "width": 262, "position": {"column_min": 110, "row_min": 466, "column_max": 372, "row_max": 644}, "embeddedtext": [{"id": 37, "class": "Text", "height": 14, "width": 35, "position": {"column_min": 122, "row_min": 484, "column_max": 157, "row_max": 498}, "text_content": "Labels"}, {"id": 39, "class": "Text", "height": 14, "width": 35, "position": {"column_min": 171, "row_min": 525, "column_max": 206, "row_max": 539}, "text_content": "Family"}, {"id": 41, "class": "Text", "height": 12, "width": 39, "position": {"column_min": 171, "row_min": 567, "column_max": 210, "row_max": 579}, "text_content": "Friends"}, {"id": 43, "class": "Text", "height": 11, "width": 27, "position": {"column_min": 171, "row_min": 611, "column_max": 198, "row_max": 622}, "text_content": "Work"}], "name": null}, {"id": 7, "class": "Compo", "height": 276, "width": 310, "position": {"column_min": 642, "row_min": 393, "column_max": 952, "row_max": 669}, "embeddedtext": [{"id": 32, "class": "Text", "height": 16, "width": 30, "position": {"column_min": 655, "row_min": 409, "column_max": 685, "row_max": 425}, "text_content": "Mail"}, {"id": 33, "class": "Text", "height": 17, "width": 121, "position": {"column_min": 654, "row_min": 428, "column_max": 775, "row_max": 445}, "text_content": "scott_t88@gmail.com"}, {"id": 36, "class": "Text", "height": 12, "width": 29, "position": {"column_min": 703, "row_min": 479, "column_max": 732, "row_max": 491}, "text_content": "Inbox"}, {"id": 40, "class": "Text", "height": 14, "width": 38, "position": {"column_min": 703, "row_min": 520, "column_max": 741, "row_max": 534}, "text_content": "Outbox"}, {"id": 42, "class": "Text", "height": 14, "width": 50, "position": {"column_min": 704, "row_min": 561, "column_max": 754, "row_max": 575}, "text_content": "Favorites"}, {"id": 44, "class": "Text", "height": 14, "width": 40, "position": {"column_min": 703, "row_min": 603, "column_max": 743, "row_max": 617}, "text_content": "Archive"}, {"id": 45, "class": "Text", "height": 12, "width": 29, "position": {"column_min": 704, "row_min": 645, "column_max": 733, "row_max": 657}, "text_content": "Trash"}], "name": null}, {"id": 8, "class": "Compo", "height": 33, "width": 297, "position": {"column_min": 648, "row_min": 469, "column_max": 945, "row_max": 502}, "embeddedtext": [{"id": 36, "class": "Text", "height": 12, "width": 29, "position": {"column_min": 703, "row_min": 479, "column_max": 732, "row_max": 491}, "text_content": "Inbox"}], "name": null}], "texts": [{"id": 9, "class": "Text", "height": 16, "width": 30, "position": {"column_min": 124, "row_min": 152, "column_max": 154, "row_max": 168}, "text_content": "Mail"}, {"id": 10, "class": "Text", "height": 16, "width": 121, "position": {"column_min": 123, "row_min": 173, "column_max": 244, "row_max": 189}, "text_content": "scott_t88@gmail.com"}, {"id": 11, "class": "Text", "height": 22, "width": 49, "position": {"column_min": 656, "row_min": 156, "column_max": 705, "row_max": 178}, "text_content": "Inbox"}, {"id": 12, "class": "Text", "height": 14, "width": 32, "position": {"column_min": 655, "row_min": 200, "column_max": 687, "row_max": 214}, "text_content": "Today"}, {"id": 13, "class": "Text", "height": 12, "width": 29, "position": {"column_min": 171, "row_min": 221, "column_max": 200, "row_max": 233}, "text_content": "Inbox"}, {"id": 14, "class": "Text", "height": 15, "width": 26, "position": {"column_min": 654, "row_min": 249, "column_max": 680, "row_max": 264}, "text_content": "19"}, {"id": 15, "class": "Text", "height": 15, "width": 135, "position": {"column_min": 703, "row_min": 240, "column_max": 838, "row_max": 255}, "text_content": "Brunch this weekend ?"}, {"id": 16, "class": "Text", "height": 14, "width": 63, "position": {"column_min": 704, "row_min": 260, "column_max": 767, "row_max": 274}, "text_content": "Ali Connors"}, {"id": 17, "class": "Text", "height": 14, "width": 129, "position": {"column_min": 789, "row_min": 260, "column_max": 918, "row_max": 274}, "text_content": "I'll be in your neighbor ..."}, {"id": 18, "class": "Text", "height": 12, "width": 38, "position": {"column_min": 171, "row_min": 263, "column_max": 209, "row_max": 275}, "text_content": "Outbox"}, {"id": 19, "class": "Text", "height": 14, "width": 50, "position": {"column_min": 171, "row_min": 304, "column_max": 221, "row_max": 318}, "text_content": "Favorites"}, {"id": 20, "class": "Text", "height": 16, "width": 81, "position": {"column_min": 703, "row_min": 302, "column_max": 784, "row_max": 318}, "text_content": "Summer BBQ"}, {"id": 21, "class": "Text", "height": 16, "width": 139, "position": {"column_min": 704, "row_min": 320, "column_max": 843, "row_max": 336}, "text_content": "to Sandra , Scott , Jennifer"}, {"id": 22, "class": "Text", "height": 16, "width": 22, "position": {"column_min": 871, "row_min": 320, "column_max": 893, "row_max": 336}, "text_content": "wish"}, {"id": 23, "class": "Text", "height": 16, "width": 35, "position": {"column_min": 907, "row_min": 320, "column_max": 942, "row_max": 336}, "text_content": "could .."}, {"id": 24, "class": "Text", "height": 12, "width": 19, "position": {"column_min": 375, "row_min": 323, "column_max": 394, "row_max": 335}, "text_content": "Id ..."}, {"id": 25, "class": "Text", "height": 16, "width": 41, "position": {"column_min": 170, "row_min": 344, "column_max": 211, "row_max": 360}, "text_content": "Archive"}, {"id": 26, "class": "Text", "height": 12, "width": 24, "position": {"column_min": 703, "row_min": 365, "column_max": 727, "row_max": 377}, "text_content": "Yes !"}, {"id": 27, "class": "Text", "height": 9, "width": 68, "position": {"column_min": 704, "row_min": 385, "column_max": 772, "row_max": 394}, "text_content": "Candra Adam"}, {"id": 28, "class": "Text", "height": 9, "width": 18, "position": {"column_min": 846, "row_min": 385, "column_max": 864, "row_max": 394}, "text_content": "hou"}, {"id": 29, "class": "Text", "height": 9, "width": 40, "position": {"column_min": 876, "row_min": 385, "column_max": 916, "row_max": 394}, "text_content": "Dari na"}, {"id": 30, "class": "Text", "height": 13, "width": 29, "position": {"column_min": 171, "row_min": 387, "column_max": 200, "row_max": 400}, "text_content": "Trash"}, {"id": 31, "class": "Text", "height": 13, "width": 36, "position": {"column_min": 374, "row_min": 385, "column_max": 410, "row_max": 398}, "text_content": "reco ..."}, {"id": 32, "class": "Text", "height": 16, "width": 30, "position": {"column_min": 655, "row_min": 409, "column_max": 685, "row_max": 425}, "text_content": "Mail"}, {"id": 33, "class": "Text", "height": 17, "width": 121, "position": {"column_min": 654, "row_min": 428, "column_max": 775, "row_max": 445}, "text_content": "scott_t88@gmail.com"}, {"id": 34, "class": "Text", "height": 14, "width": 30, "position": {"column_min": 171, "row_min": 429, "column_max": 201, "row_max": 443}, "text_content": "Spam"}, {"id": 35, "class": "Text", "height": 10, "width": 18, "position": {"column_min": 372, "row_min": 448, "column_max": 390, "row_max": 458}, "text_content": "out"}, {"id": 36, "class": "Text", "height": 12, "width": 29, "position": {"column_min": 703, "row_min": 479, "column_max": 732, "row_max": 491}, "text_content": "Inbox"}, {"id": 37, "class": "Text", "height": 14, "width": 35, "position": {"column_min": 122, "row_min": 484, "column_max": 157, "row_max": 498}, "text_content": "Labels"}, {"id": 38, "class": "Text", "height": 13, "width": 22, "position": {"column_min": 374, "row_min": 509, "column_max": 396, "row_max": 522}, "text_content": "ted ."}, {"id": 39, "class": "Text", "height": 14, "width": 35, "position": {"column_min": 171, "row_min": 525, "column_max": 206, "row_max": 539}, "text_content": "Family"}, {"id": 40, "class": "Text", "height": 14, "width": 38, "position": {"column_min": 703, "row_min": 520, "column_max": 741, "row_max": 534}, "text_content": "Outbox"}, {"id": 41, "class": "Text", "height": 12, "width": 39, "position": {"column_min": 171, "row_min": 567, "column_max": 210, "row_max": 579}, "text_content": "Friends"}, {"id": 42, "class": "Text", "height": 14, "width": 50, "position": {"column_min": 704, "row_min": 561, "column_max": 754, "row_max": 575}, "text_content": "Favorites"}, {"id": 43, "class": "Text", "height": 11, "width": 27, "position": {"column_min": 171, "row_min": 611, "column_max": 198, "row_max": 622}, "text_content": "Work"}, {"id": 44, "class": "Text", "height": 14, "width": 40, "position": {"column_min": 703, "row_min": 603, "column_max": 743, "row_max": 617}, "text_content": "Archive"}, {"id": 45, "class": "Text", "height": 12, "width": 29, "position": {"column_min": 704, "row_min": 645, "column_max": 733, "row_max": 657}, "text_content": "Trash"}], "img_shape": [784, 1064, 3]}}