{"combinedjson": {"compos": [{"id": 0, "class": "Compo", "height": 20, "width": 20, "position": {"column_min": 647, "row_min": 14, "column_max": 667, "row_max": 34}}, {"id": 1, "class": "Compo", "height": 20, "width": 24, "position": {"column_min": 679, "row_min": 14, "column_max": 703, "row_max": 34}}, {"id": 2, "class": "Compo", "height": 40, "width": 36, "position": {"column_min": 581, "row_min": 84, "column_max": 617, "row_max": 124}}, {"id": 3, "class": "Compo", "height": 32, "width": 36, "position": {"column_min": 485, "row_min": 88, "column_max": 521, "row_max": 120}}, {"id": 4, "class": "Compo", "height": 328, "width": 232, "position": {"column_min": 7, "row_min": 176, "column_max": 239, "row_max": 504}}, {"id": 5, "class": "Compo", "height": 244, "width": 464, "position": {"column_min": 247, "row_min": 260, "column_max": 711, "row_max": 504}}, {"id": 6, "class": "Compo", "height": 127, "width": 464, "position": {"column_min": 7, "row_min": 512, "column_max": 471, "row_max": 639}}, {"id": 7, "class": "Compo", "height": 127, "width": 231, "position": {"column_min": 480, "row_min": 512, "column_max": 711, "row_max": 639}}, {"id": 8, "class": "Compo", "height": 80, "width": 688, "position": {"column_min": 15, "row_min": 664, "column_max": 703, "row_max": 744}, "embeddedtext": [{"id": 14, "class": "Text", "height": 35, "width": 130, "position": {"column_min": 144, "row_min": 690, "column_max": 274, "row_max": 725}, "text_content": "All photos"}]}, {"id": 9, "class": "Compo", "height": 13, "width": 28, "position": {"column_min": 33, "row_min": 803, "column_max": 61, "row_max": 816}}, {"id": 10, "class": "Compo", "height": 38, "width": 40, "position": {"column_min": 35, "row_min": 876, "column_max": 75, "row_max": 914}}, {"id": 11, "class": "Compo", "height": 40, "width": 40, "position": {"column_min": 35, "row_min": 972, "column_max": 75, "row_max": 1012}}], "texts": [{"id": 12, "class": "Text", "height": 22, "width": 38, "position": {"column_min": 36, "row_min": 93, "column_max": 74, "row_max": 115}, "text_content": "III"}, {"id": 13, "class": "Text", "height": 47, "width": 182, "position": {"column_min": 145, "row_min": 85, "column_max": 327, "row_max": 132}, "text_content": "All photos"}, {"id": 14, "class": "Text", "height": 35, "width": 130, "position": {"column_min": 144, "row_min": 690, "column_max": 274, "row_max": 725}, "text_content": "All photos"}, {"id": 15, "class": "Text", "height": 32, "width": 200, "position": {"column_min": 145, "row_min": 785, "column_max": 345, "row_max": 817}, "text_content": "Shared with me"}, {"id": 16, "class": "Text", "height": 28, "width": 92, "position": {"column_min": 144, "row_min": 883, "column_max": 236, "row_max": 911}, "text_content": "Starred"}, {"id": 17, "class": "Text", "height": 22, "width": 87, "position": {"column_min": 146, "row_min": 982, "column_max": 233, "row_max": 1004}, "text_content": "Recent"}], "img_shape": [1280, 720, 3]}}