{"combinedjson": {"compos": [{"id": 0, "class": "Compo", "height": 412, "width": 455, "position": {"column_min": 0, "row_min": 0, "column_max": 455, "row_max": 412}, "name": null}, {"id": 1, "class": "Compo", "height": 109, "width": 184, "position": {"column_min": 385, "row_min": 452, "column_max": 569, "row_max": 561}, "embeddedtext": [{"id": 19, "class": "Text", "height": 30, "width": 110, "position": {"column_min": 422, "row_min": 472, "column_max": 532, "row_max": 502}, "text_content": "SEE ALL"}, {"id": 20, "class": "Text", "height": 28, "width": 80, "position": {"column_min": 437, "row_min": 505, "column_max": 517, "row_max": 533}, "text_content": "BIRDS"}], "name": "Button"}, {"id": 2, "class": "Compo", "height": 31, "width": 19, "position": {"column_min": 171, "row_min": 470, "column_max": 190, "row_max": 501}, "name": null}, {"id": 3, "class": "Compo", "height": 31, "width": 19, "position": {"column_min": 216, "row_min": 470, "column_max": 235, "row_max": 501}, "name": null}, {"id": 4, "class": "Compo", "height": 29, "width": 5, "position": {"column_min": 95, "row_min": 471, "column_max": 100, "row_max": 500}, "name": null}, {"id": 5, "class": "Compo", "height": 29, "width": 5, "position": {"column_min": 194, "row_min": 471, "column_max": 199, "row_max": 500}, "name": null}, {"id": 6, "class": "Compo", "height": 28, "width": 12, "position": {"column_min": 103, "row_min": 473, "column_max": 115, "row_max": 501}, "name": null}, {"id": 7, "class": "Compo", "height": 22, "width": 13, "position": {"column_min": 0, "row_min": 478, "column_max": 13, "row_max": 500}, "name": null}, {"id": 8, "class": "Compo", "height": 23, "width": 20, "position": {"column_min": 16, "row_min": 478, "column_max": 36, "row_max": 501}, "name": null}, {"id": 9, "class": "Compo", "height": 31, "width": 19, "position": {"column_min": 40, "row_min": 478, "column_max": 59, "row_max": 509}, "name": null}, {"id": 10, "class": "Compo", "height": 23, "width": 20, "position": {"column_min": 61, "row_min": 478, "column_max": 81, "row_max": 501}, "name": null}, {"id": 11, "class": "Compo", "height": 23, "width": 18, "position": {"column_min": 118, "row_min": 478, "column_max": 136, "row_max": 501}, "name": null}, {"id": 12, "class": "Compo", "height": 22, "width": 18, "position": {"column_min": 139, "row_min": 478, "column_max": 157, "row_max": 500}, "name": null}, {"id": 13, "class": "Compo", "height": 22, "width": 11, "position": {"column_min": 203, "row_min": 478, "column_max": 214, "row_max": 500}, "name": null}, {"id": 14, "class": "Compo", "height": 23, "width": 18, "position": {"column_min": 238, "row_min": 478, "column_max": 256, "row_max": 501}, "name": null}, {"id": 15, "class": "Compo", "height": 28, "width": 17, "position": {"column_min": 46, "row_min": 673, "column_max": 63, "row_max": 701}, "name": null}, {"id": 16, "class": "Compo", "height": 20, "width": 23, "position": {"column_min": 0, "row_min": 680, "column_max": 23, "row_max": 700}, "name": null}, {"id": 17, "class": "Compo", "height": 21, "width": 17, "position": {"column_min": 26, "row_min": 680, "column_max": 43, "row_max": 701}, "name": null}], "texts": [{"id": 18, "class": "Text", "height": 31, "width": 105, "position": {"column_min": -5, "row_min": 526, "column_max": 100, "row_max": 557}, "text_content": "saurus"}, {"id": 19, "class": "Text", "height": 30, "width": 110, "position": {"column_min": 422, "row_min": 472, "column_max": 532, "row_max": 502}, "text_content": "SEE ALL"}, {"id": 20, "class": "Text", "height": 28, "width": 80, "position": {"column_min": 437, "row_min": 505, "column_max": 517, "row_max": 533}, "text_content": "BIRDS"}, {"id": 21, "class": "Text", "height": 42, "width": 497, "position": {"column_min": -8, "row_min": 611, "column_max": 489, "row_max": 653}, "text_content": "nopolitan distributions can be"}, {"id": 22, "class": "Text", "height": 35, "width": 425, "position": {"column_min": 79, "row_min": 669, "column_max": 504, "row_max": 704}, "text_content": "both in extinct and extant"}], "img_shape": [720, 720, 3]}}