{"combinedjson": {"compos": [{"id": 0, "class": "Compo", "height": 15, "width": 17, "position": {"column_min": 755, "row_min": 93, "column_max": 772, "row_max": 108}}, {"id": 1, "class": "Compo", "height": 25, "width": 8, "position": {"column_min": 748, "row_min": 144, "column_max": 756, "row_max": 169}}, {"id": 2, "class": "Compo", "height": 56, "width": 404, "position": {"column_min": 290, "row_min": 241, "column_max": 694, "row_max": 297}, "embeddedtext": [{"id": 11, "class": "Text", "height": 18, "width": 46, "position": {"column_min": 381, "row_min": 256, "column_max": 427, "row_max": 274}, "text_content": "Inbox"}]}, {"id": 3, "class": "Compo", "height": 26, "width": 30, "position": {"column_min": 304, "row_min": 323, "column_max": 334, "row_max": 349}}, {"id": 4, "class": "Compo", "height": 23, "width": 26, "position": {"column_min": 305, "row_min": 392, "column_max": 331, "row_max": 415}}, {"id": 5, "class": "Compo", "height": 26, "width": 26, "position": {"column_min": 305, "row_min": 457, "column_max": 331, "row_max": 483}}, {"id": 6, "class": "Compo", "height": 26, "width": 20, "position": {"column_min": 308, "row_min": 525, "column_max": 328, "row_max": 551}}, {"id": 7, "class": "Compo", "height": 26, "width": 26, "position": {"column_min": 305, "row_min": 592, "column_max": 331, "row_max": 618}}, {"id": 8, "class": "Compo", "height": 26, "width": 20, "position": {"column_min": 308, "row_min": 749, "column_max": 328, "row_max": 775}}], "texts": [{"id": 9, "class": "Text", "height": 25, "width": 50, "position": {"column_min": 303, "row_min": 144, "column_max": 353, "row_max": 169}, "text_content": "Mail"}, {"id": 10, "class": "Text", "height": 23, "width": 195, "position": {"column_min": 302, "row_min": 177, "column_max": 497, "row_max": 200}, "text_content": "scott_t88@gmail.com"}, {"id": 11, "class": "Text", "height": 18, "width": 46, "position": {"column_min": 381, "row_min": 256, "column_max": 427, "row_max": 274}, "text_content": "Inbox"}, {"id": 12, "class": "Text", "height": 18, "width": 61, "position": {"column_min": 382, "row_min": 324, "column_max": 443, "row_max": 342}, "text_content": "Outbox"}, {"id": 13, "class": "Text", "height": 8, "width": 15, "position": {"column_min": 712, "row_min": 328, "column_max": 727, "row_max": 336}, "text_content": "..."}, {"id": 14, "class": "Text", "height": 17, "width": 80, "position": {"column_min": 382, "row_min": 393, "column_max": 462, "row_max": 410}, "text_content": "Favorites"}, {"id": 15, "class": "Text", "height": 18, "width": 32, "position": {"column_min": 706, "row_min": 420, "column_max": 738, "row_max": 438}, "text_content": "Id ..."}, {"id": 16, "class": "Text", "height": 21, "width": 66, "position": {"column_min": 380, "row_min": 457, "column_max": 446, "row_max": 478}, "text_content": "Archive"}, {"id": 17, "class": "Text", "height": 20, "width": 50, "position": {"column_min": 380, "row_min": 524, "column_max": 430, "row_max": 544}, "text_content": "Trash"}, {"id": 18, "class": "Text", "height": 19, "width": 65, "position": {"column_min": 704, "row_min": 523, "column_max": 769, "row_max": 542}, "text_content": "reco ...."}, {"id": 19, "class": "Text", "height": 22, "width": 48, "position": {"column_min": 382, "row_min": 593, "column_max": 430, "row_max": 615}, "text_content": "Spam"}, {"id": 20, "class": "Text", "height": 20, "width": 51, "position": {"column_min": 704, "row_min": 622, "column_max": 755, "row_max": 642}, "text_content": "out ..."}, {"id": 21, "class": "Text", "height": 18, "width": 55, "position": {"column_min": 304, "row_min": 683, "column_max": 359, "row_max": 701}, "text_content": "Labels"}, {"id": 22, "class": "Text", "height": 19, "width": 47, "position": {"column_min": 705, "row_min": 722, "column_max": 752, "row_max": 741}, "text_content": "ited ..."}, {"id": 23, "class": "Text", "height": 21, "width": 57, "position": {"column_min": 382, "row_min": 751, "column_max": 439, "row_max": 772}, "text_content": "Family"}], "img_shape": [784, 1064, 3]}}