{"combinedjson": {"compos": [{"id": 0, "class": "Compo", "height": 16, "width": 45, "position": {"column_min": 450, "row_min": 16, "column_max": 495, "row_max": 32}, "name": null}, {"id": 1, "class": "Compo", "height": 31, "width": 53, "position": {"column_min": 23, "row_min": 65, "column_max": 76, "row_max": 96}, "embeddedtext": [{"id": 11, "class": "Text", "height": 21, "width": 52, "position": {"column_min": 24, "row_min": 69, "column_max": 76, "row_max": 90}, "text_content": "Mail", "text_meta": []}], "name": null}, {"id": 2, "class": "Compo", "height": 31, "width": 15, "position": {"column_min": 464, "row_min": 65, "column_max": 479, "row_max": 96}, "embeddedtext": [{"id": 19, "class": "Text", "height": 23, "width": 5, "position": {"column_min": 469, "row_min": 69, "column_max": 474, "row_max": 92}, "text_content": "...", "text_meta": []}], "name": null}, {"id": 3, "class": "Compo", "height": 24, "width": 152, "position": {"column_min": 23, "row_min": 104, "column_max": 175, "row_max": 128}, "embeddedtext": [{"id": 12, "class": "Text", "height": 18, "width": 196, "position": {"column_min": 24, "row_min": 103, "column_max": 220, "row_max": 121}, "text_content": "scott_t88@gmail.com", "text_meta": []}], "name": null}, {"id": 4, "class": "Compo", "height": 56, "width": 404, "position": {"column_min": 11, "row_min": 164, "column_max": 415, "row_max": 220}, "embeddedtext": [{"id": 13, "class": "Text", "height": 14, "width": 48, "position": {"column_min": 102, "row_min": 183, "column_max": 150, "row_max": 197}, "text_content": "Inbox", "text_meta": []}], "name": null}, {"id": 5, "class": "Compo", "height": 26, "width": 31, "position": {"column_min": 24, "row_min": 246, "column_max": 55, "row_max": 272}, "name": null}, {"id": 6, "class": "Compo", "height": 28, "width": 31, "position": {"column_min": 24, "row_min": 313, "column_max": 55, "row_max": 341}, "name": null}, {"id": 7, "class": "Compo", "height": 31, "width": 29, "position": {"column_min": 24, "row_min": 377, "column_max": 53, "row_max": 408}, "name": null}, {"id": 8, "class": "Compo", "height": 4, "width": 27, "position": {"column_min": 431, "row_min": 448, "column_max": 458, "row_max": 452}, "name": null}, {"id": 9, "class": "Block", "height": 452, "width": 503, "position": {"column_min": 0, "row_min": 0, "column_max": 503, "row_max": 452}, "embeddedtext": [{"id": 11, "class": "Text", "height": 21, "width": 52, "position": {"column_min": 24, "row_min": 69, "column_max": 76, "row_max": 90}, "text_content": "Mail", "text_meta": []}, {"id": 12, "class": "Text", "height": 18, "width": 196, "position": {"column_min": 24, "row_min": 103, "column_max": 220, "row_max": 121}, "text_content": "scott_t88@gmail.com", "text_meta": []}, {"id": 13, "class": "Text", "height": 14, "width": 48, "position": {"column_min": 102, "row_min": 183, "column_max": 150, "row_max": 197}, "text_content": "Inbox", "text_meta": []}, {"id": 14, "class": "Text", "height": 17, "width": 64, "position": {"column_min": 101, "row_min": 248, "column_max": 165, "row_max": 265}, "text_content": "Outbox", "text_meta": []}, {"id": 15, "class": "Text", "height": 20, "width": 265, "position": {"column_min": 102, "row_min": 315, "column_max": 367, "row_max": 335}, "text_content": "Summer Vacation Planning ...", "text_meta": []}, {"id": 16, "class": "Text", "height": 14, "width": 67, "position": {"column_min": 101, "row_min": 384, "column_max": 168, "row_max": 398}, "text_content": "Archive", "text_meta": []}, {"id": 17, "class": "Text", "height": 10, "width": 14, "position": {"column_min": 434, "row_min": 248, "column_max": 448, "row_max": 258}, "text_content": "...", "text_meta": []}, {"id": 18, "class": "Text", "height": 15, "width": 31, "position": {"column_min": 428, "row_min": 344, "column_max": 459, "row_max": 359}, "text_content": "Id ...", "text_meta": []}, {"id": 19, "class": "Text", "height": 23, "width": 5, "position": {"column_min": 469, "row_min": 69, "column_max": 474, "row_max": 92}, "text_content": "...", "text_meta": []}], "embeddedcompos": [{"id": 0, "class": "Compo", "height": 16, "width": 45, "position": {"column_min": 450, "row_min": 16, "column_max": 495, "row_max": 32}, "name": null}, {"id": 1, "class": "Compo", "height": 31, "width": 53, "position": {"column_min": 23, "row_min": 65, "column_max": 76, "row_max": 96}, "embeddedtext": [{"id": 11, "class": "Text", "height": 21, "width": 52, "position": {"column_min": 24, "row_min": 69, "column_max": 76, "row_max": 90}, "text_content": "Mail", "text_meta": []}], "name": null}, {"id": 2, "class": "Compo", "height": 31, "width": 15, "position": {"column_min": 464, "row_min": 65, "column_max": 479, "row_max": 96}, "embeddedtext": [{"id": 19, "class": "Text", "height": 23, "width": 5, "position": {"column_min": 469, "row_min": 69, "column_max": 474, "row_max": 92}, "text_content": "...", "text_meta": []}], "name": null}, {"id": 3, "class": "Compo", "height": 24, "width": 152, "position": {"column_min": 23, "row_min": 104, "column_max": 175, "row_max": 128}, "embeddedtext": [{"id": 12, "class": "Text", "height": 18, "width": 196, "position": {"column_min": 24, "row_min": 103, "column_max": 220, "row_max": 121}, "text_content": "scott_t88@gmail.com", "text_meta": []}], "name": null}, {"id": 4, "class": "Compo", "height": 56, "width": 404, "position": {"column_min": 11, "row_min": 164, "column_max": 415, "row_max": 220}, "embeddedtext": [{"id": 13, "class": "Text", "height": 14, "width": 48, "position": {"column_min": 102, "row_min": 183, "column_max": 150, "row_max": 197}, "text_content": "Inbox", "text_meta": []}], "name": null}, {"id": 5, "class": "Compo", "height": 26, "width": 31, "position": {"column_min": 24, "row_min": 246, "column_max": 55, "row_max": 272}, "name": null}, {"id": 6, "class": "Compo", "height": 28, "width": 31, "position": {"column_min": 24, "row_min": 313, "column_max": 55, "row_max": 341}, "name": null}, {"id": 7, "class": "Compo", "height": 31, "width": 29, "position": {"column_min": 24, "row_min": 377, "column_max": 53, "row_max": 408}, "name": null}, {"id": 8, "class": "Compo", "height": 4, "width": 27, "position": {"column_min": 431, "row_min": 448, "column_max": 458, "row_max": 452}, "name": null}], "name": "Navigation Drawer"}, {"id": 10, "class": "Block", "height": 1, "width": 504, "position": {"column_min": 0, "row_min": 452, "column_max": 504, "row_max": 453}, "name": null}], "texts": [{"id": 11, "class": "Text", "height": 21, "width": 52, "position": {"column_min": 24, "row_min": 69, "column_max": 76, "row_max": 90}, "text_content": "Mail", "text_meta": []}, {"id": 12, "class": "Text", "height": 18, "width": 196, "position": {"column_min": 24, "row_min": 103, "column_max": 220, "row_max": 121}, "text_content": "scott_t88@gmail.com", "text_meta": []}, {"id": 13, "class": "Text", "height": 14, "width": 48, "position": {"column_min": 102, "row_min": 183, "column_max": 150, "row_max": 197}, "text_content": "Inbox", "text_meta": []}, {"id": 14, "class": "Text", "height": 17, "width": 64, "position": {"column_min": 101, "row_min": 248, "column_max": 165, "row_max": 265}, "text_content": "Outbox", "text_meta": []}, {"id": 15, "class": "Text", "height": 20, "width": 265, "position": {"column_min": 102, "row_min": 315, "column_max": 367, "row_max": 335}, "text_content": "Summer Vacation Planning ...", "text_meta": []}, {"id": 16, "class": "Text", "height": 14, "width": 67, "position": {"column_min": 101, "row_min": 384, "column_max": 168, "row_max": 398}, "text_content": "Archive", "text_meta": []}, {"id": 17, "class": "Text", "height": 10, "width": 14, "position": {"column_min": 434, "row_min": 248, "column_max": 448, "row_max": 258}, "text_content": "...", "text_meta": []}, {"id": 18, "class": "Text", "height": 15, "width": 31, "position": {"column_min": 428, "row_min": 344, "column_max": 459, "row_max": 359}, "text_content": "Id ...", "text_meta": []}, {"id": 19, "class": "Text", "height": 23, "width": 5, "position": {"column_min": 469, "row_min": 69, "column_max": 474, "row_max": 92}, "text_content": "...", "text_meta": []}], "screen_size": [453, 504, 3]}}