{"combinedjson": {"compos": [{"id": 0, "class": "Compo", "height": 20, "width": 20, "position": {"column_min": 647, "row_min": 14, "column_max": 667, "row_max": 34}}, {"id": 1, "class": "Compo", "height": 20, "width": 24, "position": {"column_min": 679, "row_min": 14, "column_max": 703, "row_max": 34}}, {"id": 2, "class": "Compo", "height": 36, "width": 42, "position": {"column_min": 643, "row_min": 84, "column_max": 685, "row_max": 120}}, {"id": 3, "class": "Compo", "height": 28, "width": 28, "position": {"column_min": 41, "row_min": 88, "column_max": 69, "row_max": 116}}, {"id": 4, "class": "Compo", "height": 22, "width": 44, "position": {"column_min": 545, "row_min": 92, "column_max": 589, "row_max": 114}}, {"id": 5, "class": "Compo", "height": 35, "width": 3, "position": {"column_min": 32, "row_min": 398, "column_max": 35, "row_max": 433}}, {"id": 6, "class": "Compo", "height": 189, "width": 128, "position": {"column_min": 34, "row_min": 530, "column_max": 162, "row_max": 719}, "embeddedtext": [{"id": 51, "class": "Text", "height": 17, "width": 40, "position": {"column_min": 86, "row_min": 704, "column_max": 126, "row_max": 721}, "text_content": "\u0645\u0631\u062d"}]}, {"id": 7, "class": "Compo", "height": 130, "width": 572, "position": {"column_min": 147, "row_min": 664, "column_max": 719, "row_max": 794}, "embeddedtext": [{"id": 50, "class": "Text", "height": 17, "width": 31, "position": {"column_min": 154, "row_min": 704, "column_max": 185, "row_max": 721}, "text_content": "\u0644\u0635\u064a"}, {"id": 53, "class": "Text", "height": 41, "width": 105, "position": {"column_min": 574, "row_min": 754, "column_max": 679, "row_max": 795}, "text_content": "a :"}]}, {"id": 8, "class": "Compo", "height": 15, "width": 11, "position": {"column_min": 113, "row_min": 865, "column_max": 124, "row_max": 880}}, {"id": 9, "class": "Compo", "height": 16, "width": 10, "position": {"column_min": 184, "row_min": 865, "column_max": 194, "row_max": 881}}, {"id": 10, "class": "Compo", "height": 16, "width": 10, "position": {"column_min": 324, "row_min": 865, "column_max": 334, "row_max": 881}}, {"id": 11, "class": "Compo", "height": 16, "width": 10, "position": {"column_min": 396, "row_min": 865, "column_max": 406, "row_max": 881}}, {"id": 12, "class": "Compo", "height": 16, "width": 10, "position": {"column_min": 534, "row_min": 865, "column_max": 544, "row_max": 881}}, {"id": 13, "class": "Compo", "height": 15, "width": 10, "position": {"column_min": 604, "row_min": 865, "column_max": 614, "row_max": 880}}, {"id": 14, "class": "Compo", "height": 16, "width": 10, "position": {"column_min": 674, "row_min": 865, "column_max": 684, "row_max": 881}}, {"id": 15, "class": "Compo", "height": 29, "width": 18, "position": {"column_min": 530, "row_min": 899, "column_max": 548, "row_max": 928}}, {"id": 16, "class": "Compo", "height": 28, "width": 19, "position": {"column_min": 318, "row_min": 901, "column_max": 337, "row_max": 929}}, {"id": 17, "class": "Compo", "height": 31, "width": 19, "position": {"column_min": 38, "row_min": 906, "column_max": 57, "row_max": 937}}, {"id": 18, "class": "Compo", "height": 22, "width": 23, "position": {"column_min": 107, "row_min": 906, "column_max": 130, "row_max": 928}}, {"id": 19, "class": "Compo", "height": 23, "width": 20, "position": {"column_min": 178, "row_min": 906, "column_max": 198, "row_max": 929}}, {"id": 20, "class": "Compo", "height": 22, "width": 15, "position": {"column_min": 252, "row_min": 906, "column_max": 267, "row_max": 928}}, {"id": 21, "class": "Compo", "height": 31, "width": 22, "position": {"column_min": 387, "row_min": 906, "column_max": 409, "row_max": 937}}, {"id": 22, "class": "Compo", "height": 23, "width": 18, "position": {"column_min": 459, "row_min": 906, "column_max": 477, "row_max": 929}}, {"id": 23, "class": "Compo", "height": 23, "width": 20, "position": {"column_min": 598, "row_min": 906, "column_max": 618, "row_max": 929}}, {"id": 24, "class": "Compo", "height": 31, "width": 19, "position": {"column_min": 669, "row_min": 906, "column_max": 688, "row_max": 937}}, {"id": 25, "class": "Compo", "height": 31, "width": 19, "position": {"column_min": 283, "row_min": 1001, "column_max": 302, "row_max": 1032}}, {"id": 26, "class": "Compo", "height": 31, "width": 19, "position": {"column_min": 212, "row_min": 1002, "column_max": 231, "row_max": 1033}}, {"id": 27, "class": "Compo", "height": 30, "width": 18, "position": {"column_min": 423, "row_min": 1002, "column_max": 441, "row_max": 1032}}, {"id": 28, "class": "Compo", "height": 30, "width": 19, "position": {"column_min": 563, "row_min": 1002, "column_max": 582, "row_max": 1032}}, {"id": 29, "class": "Compo", "height": 30, "width": 18, "position": {"column_min": 634, "row_min": 1002, "column_max": 652, "row_max": 1032}}, {"id": 30, "class": "Compo", "height": 38, "width": 13, "position": {"column_min": 494, "row_min": 1003, "column_max": 507, "row_max": 1041}}, {"id": 31, "class": "Compo", "height": 23, "width": 18, "position": {"column_min": 73, "row_min": 1010, "column_max": 91, "row_max": 1033}}, {"id": 32, "class": "Compo", "height": 23, "width": 18, "position": {"column_min": 143, "row_min": 1010, "column_max": 161, "row_max": 1033}}, {"id": 33, "class": "Compo", "height": 31, "width": 19, "position": {"column_min": 352, "row_min": 1010, "column_max": 371, "row_max": 1041}}, {"id": 34, "class": "Compo", "height": 42, "width": 55, "position": {"column_min": 631, "row_min": 1099, "column_max": 686, "row_max": 1141}}, {"id": 35, "class": "Compo", "height": 31, "width": 19, "position": {"column_min": 423, "row_min": 1106, "column_max": 442, "row_max": 1137}}, {"id": 36, "class": "Compo", "height": 22, "width": 19, "position": {"column_min": 143, "row_min": 1114, "column_max": 162, "row_max": 1136}}, {"id": 37, "class": "Compo", "height": 22, "width": 20, "position": {"column_min": 212, "row_min": 1114, "column_max": 232, "row_max": 1136}}, {"id": 38, "class": "Compo", "height": 23, "width": 19, "position": {"column_min": 282, "row_min": 1114, "column_max": 301, "row_max": 1137}}, {"id": 39, "class": "Compo", "height": 22, "width": 20, "position": {"column_min": 352, "row_min": 1114, "column_max": 372, "row_max": 1136}}, {"id": 40, "class": "Compo", "height": 22, "width": 18, "position": {"column_min": 493, "row_min": 1114, "column_max": 511, "row_max": 1136}}, {"id": 41, "class": "Compo", "height": 22, "width": 22, "position": {"column_min": 561, "row_min": 1114, "column_max": 583, "row_max": 1136}}, {"id": 42, "class": "Compo", "height": 72, "width": 72, "position": {"column_min": 625, "row_min": 1184, "column_max": 697, "row_max": 1256}}, {"id": 43, "class": "Compo", "height": 48, "width": 300, "position": {"column_min": 213, "row_min": 1198, "column_max": 513, "row_max": 1246}}], "texts": [{"id": 44, "class": "Text", "height": 30, "width": 209, "position": {"column_min": 49, "row_min": 193, "column_max": 258, "row_max": 223}, "text_content": "Trevor Hansen"}, {"id": 45, "class": "Text", "height": 32, "width": 245, "position": {"column_min": 50, "row_min": 282, "column_max": 295, "row_max": 314}, "text_content": "Re : Summer BBQ"}, {"id": 46, "class": "Text", "height": 28, "width": 593, "position": {"column_min": 34, "row_min": 473, "column_max": 627, "row_max": 501}, "text_content": "On Mon , Oct 23 , 2017 at 1:24 PM Trevor wrote :"}, {"id": 47, "class": "Text", "height": 34, "width": 544, "position": {"column_min": 80, "row_min": 540, "column_max": 624, "row_max": 574}, "text_content": "wish could make it , but I'll be out of town !"}, {"id": 48, "class": "Text", "height": 35, "width": 586, "position": {"column_min": 66, "row_min": 581, "column_max": 652, "row_max": 616}, "text_content": "really want to see the new backyard , so let me"}, {"id": 49, "class": "Text", "height": 34, "width": 493, "position": {"column_min": 66, "row_min": 621, "column_max": 559, "row_max": 655}, "text_content": "know the next time you fire up the grill ."}, {"id": 50, "class": "Text", "height": 17, "width": 31, "position": {"column_min": 154, "row_min": 704, "column_max": 185, "row_max": 721}, "text_content": "\u0644\u0635\u064a"}, {"id": 51, "class": "Text", "height": 17, "width": 40, "position": {"column_min": 86, "row_min": 704, "column_max": 126, "row_max": 721}, "text_content": "\u0645\u0631\u062d"}, {"id": 52, "class": "Text", "height": 44, "width": 38, "position": {"column_min": 36, "row_min": 752, "column_max": 74, "row_max": 796}, "text_content": "= ="}, {"id": 53, "class": "Text", "height": 41, "width": 105, "position": {"column_min": 574, "row_min": 754, "column_max": 679, "row_max": 795}, "text_content": "a :"}, {"id": 54, "class": "Text", "height": 40, "width": 39, "position": {"column_min": 49, "row_min": 1100, "column_max": 88, "row_max": 1140}, "text_content": "\uc1fc 1"}, {"id": 55, "class": "Text", "height": 26, "width": 64, "position": {"column_min": 34, "row_min": 1212, "column_max": 98, "row_max": 1238}, "text_content": "? 123"}], "img_shape": [1280, 720, 3]}}