{"combinedjson": {"compos": [{"id": 0, "class": "Compo", "height": 20, "width": 20, "position": {"column_min": 527, "row_min": 134, "column_max": 547, "row_max": 154}}, {"id": 1, "class": "Compo", "height": 20, "width": 24, "position": {"column_min": 559, "row_min": 134, "column_max": 583, "row_max": 154}}, {"id": 2, "class": "Compo", "height": 35, "width": 35, "position": {"column_min": 453, "row_min": 206, "column_max": 488, "row_max": 241}}, {"id": 3, "class": "Compo", "height": 29, "width": 36, "position": {"column_min": 357, "row_min": 215, "column_max": 393, "row_max": 244}}, {"id": 4, "class": "Compo", "height": 23, "width": 14, "position": {"column_min": 83, "row_min": 334, "column_max": 97, "row_max": 357}}, {"id": 5, "class": "Compo", "height": 16, "width": 12, "position": {"column_min": 8, "row_min": 341, "column_max": 20, "row_max": 357}}, {"id": 6, "class": "Compo", "height": 16, "width": 12, "position": {"column_min": 23, "row_min": 341, "column_max": 35, "row_max": 357}}, {"id": 7, "class": "Compo", "height": 15, "width": 21, "position": {"column_min": 36, "row_min": 341, "column_max": 57, "row_max": 356}}, {"id": 8, "class": "Compo", "height": 16, "width": 14, "position": {"column_min": 58, "row_min": 341, "column_max": 72, "row_max": 357}}, {"id": 9, "class": "Compo", "height": 67, "width": 585, "position": {"column_min": 0, "row_min": 652, "column_max": 585, "row_max": 719}}], "texts": [{"id": 10, "class": "Text", "height": 44, "width": 196, "position": {"column_min": 25, "row_min": 207, "column_max": 221, "row_max": 251}, "text_content": "Recipe box"}, {"id": 11, "class": "Text", "height": 35, "width": 427, "position": {"column_min": 107, "row_min": 328, "column_max": 534, "row_max": 363}, "text_content": "was updated on your other device ."}, {"id": 12, "class": "Text", "height": 33, "width": 162, "position": {"column_min": 5, "row_min": 371, "column_max": 167, "row_max": 404}, "text_content": "sign in again ."}, {"id": 13, "class": "Text", "height": 30, "width": 112, "position": {"column_min": 448, "row_min": 447, "column_max": 560, "row_max": 477}, "text_content": "SIGN IN"}, {"id": 14, "class": "Text", "height": 26, "width": 339, "position": {"column_min": 224, "row_min": 560, "column_max": 563, "row_max": 586}, "text_content": "CONTINUE AS A GUEST"}], "img_shape": [720, 720, 3]}}