{"combinedjson": {"compos": [{"id": 0, "class": "Compo", "height": 194, "width": 503, "position": {"column_min": 280, "row_min": 0, "column_max": 783, "row_max": 194}}, {"id": 1, "class": "Compo", "height": 26, "width": 18, "position": {"column_min": 648, "row_min": 211, "column_max": 666, "row_max": 237}}, {"id": 2, "class": "Compo", "height": 23, "width": 26, "position": {"column_min": 392, "row_min": 223, "column_max": 418, "row_max": 246}}], "texts": [{"id": 3, "class": "Text", "height": 15, "width": 44, "position": {"column_min": 636, "row_min": 244, "column_max": 680, "row_max": 259}, "text_content": "Music"}], "img_shape": [358, 1064, 3]}}