{"combinedjson": {"compos": [{"id": 0, "class": "Compo", "height": 80, "width": 576, "position": {"column_min": 135, "row_min": 344, "column_max": 711, "row_max": 424}, "embeddedtext": [{"id": 7, "class": "Text", "height": 33, "width": 67, "position": {"column_min": 265, "row_min": 365, "column_max": 332, "row_max": 398}, "text_content": "Inbox"}]}, {"id": 1, "class": "Compo", "height": 36, "width": 42, "position": {"column_min": 155, "row_min": 462, "column_max": 197, "row_max": 498}}, {"id": 2, "class": "Compo", "height": 32, "width": 36, "position": {"column_min": 157, "row_min": 560, "column_max": 193, "row_max": 592}}, {"id": 3, "class": "Compo", "height": 36, "width": 36, "position": {"column_min": 157, "row_min": 654, "column_max": 193, "row_max": 690}}, {"id": 4, "class": "Compo", "height": 31, "width": 39, "position": {"column_min": 156, "row_min": 368, "column_max": 195, "row_max": 399}}], "texts": [{"id": 5, "class": "Text", "height": 39, "width": 71, "position": {"column_min": 154, "row_min": 204, "column_max": 225, "row_max": 243}, "text_content": "Mail"}, {"id": 6, "class": "Text", "height": 33, "width": 278, "position": {"column_min": 153, "row_min": 255, "column_max": 431, "row_max": 288}, "text_content": "scott_t88@gmail.com"}, {"id": 7, "class": "Text", "height": 33, "width": 67, "position": {"column_min": 265, "row_min": 365, "column_max": 332, "row_max": 398}, "text_content": "Inbox"}, {"id": 8, "class": "Text", "height": 22, "width": 368, "position": {"column_min": 265, "row_min": 470, "column_max": 633, "row_max": 492}, "text_content": "Sent message through starred recipents"}, {"id": 9, "class": "Text", "height": 28, "width": 115, "position": {"column_min": 266, "row_min": 559, "column_max": 381, "row_max": 587}, "text_content": "Favorites"}, {"id": 10, "class": "Text", "height": 29, "width": 96, "position": {"column_min": 263, "row_min": 654, "column_max": 359, "row_max": 683}, "text_content": "Archive"}], "img_shape": [720, 720, 3]}}