{
    "combinedjson": {
        "compos": [
            {
                "id": 0,
                "class": "Compo",
                "name":"Banner",
                "height": 24,
                "width": 29,
                "position": {
                    "column_min": 23,
                    "row_min": 56,
                    "column_max": 52,
                    "row_max": 80
                }
            },
            {
                "id": 1,
                "class": "Compo",
                "name":"Appbar: Bottom",
                "height": 84,
                "width": 83,
                "position": {
                    "column_min": 229,
                    "row_min": 260,
                    "column_max": 312,
                    "row_max": 344
                },
                "embeddedtext": [
                    {
                        "id": 9,
                        "class": "Text",
                        "height": 19,
                        "width": 63,
                        "position": {
                            "column_min": 239,
                            "row_min": 272,
                            "column_max": 302,
                            "row_max": 291
                        },
                        "text_content": "Straight"
                    },
                    {
                        "id": 10,
                        "class": "Text",
                        "height": 19,
                        "width": 21,
                        "position": {
                            "column_min": 272,
                            "row_min": 292,
                            "column_max": 293,
                            "row_max": 311
                        },
                        "text_content": "Talk"
                    },
                    {
                        "id": 11,
                        "class": "Text",
                        "height": 19,
                        "width": 63,
                        "position": {
                            "column_min": 238,
                            "row_min": 316,
                            "column_max": 301,
                            "row_max": 335
                        },
                        "text_content": "MY ACCOUNT"
                    }
                ],
                "embeddedcompos":[
                    {
                        "id": 18,
                        "class": "Compo",
                        "name":"icon",
                        "height": 20,
                        "width": 20,
                        "position": {
                            "column_min": 250,
                            "row_min": 265,
                            "column_max": 270,
                            "row_max": 285
                        }
                    },
                    {
                        "id": 19,
                        "class": "Compo",
                        "name":"Floating Action Button",
                        "height": 20,
                        "width": 20,
                        "position": {
                            "column_min": 250,
                            "row_min": 290,
                            "column_max": 270,
                            "row_max": 310
                        }
                    },
                    {
                        "id": 20,
                        "class": "Compo",
                        "name":"Bottom Navigation",
                        "height": 20,
                        "width": 20,
                        "position": {
                            "column_min": 250,
                            "row_min": 315,
                            "column_max": 270,
                            "row_max": 335
                        }
                    }
                ]
            },
            {
                "id": 2,
                "class": "Compo",
                "name":"Bottom Navigation",
                "height": 32,
                "width": 27,
                "position": {
                    "column_min": 216,
                    "row_min": 512,
                    "column_max": 243,
                    "row_max": 544
                }
            },
            {
                "id": 3,
                "class": "Compo",
                "name":"Button",
                "height": 48,
                "width": 261,
                "position": {
                    "column_min": 139,
                    "row_min": 720,
                    "column_max": 400,
                    "row_max": 768
                },
                "embeddedtext": [
                    {
                        "id": 16,
                        "class": "Text",
                        "height": 22,
                        "width": 70,
                        "position": {
                            "column_min": 235,
                            "row_min": 732,
                            "column_max": 305,
                            "row_max": 754
                        },
                        "text_content": "Continue"
                    }
                ]
            },
            {
                "id": 4,
                "class": "Compo",
                "name":"Cards",
                "height": 32,
                "width": 30,
                "position": {
                    "column_min": 103,
                    "row_min": 912,
                    "column_max": 133,
                    "row_max": 944
                }
            },
            {
                "id": 5,
                "class": "Compo",
                "name":"Dialogs",
                "height": 31,
                "width": 29,
                "position": {
                    "column_min": 255,
                    "row_min": 913,
                    "column_max": 284,
                    "row_max": 944
                }
            },
            {
                "id": 6,
                "class": "Compo",
                "name":"Floating Action Button",
                "height": 31,
                "width": 28,
                "position": {
                    "column_min": 407,
                    "row_min": 913,
                    "column_max": 435,
                    "row_max": 944
                }
            },
            {
                "id": 7,
                "class": "Compo",
                "name":"Lists",
                "height": 48,
                "width": 336,
                "position": {
                    "column_min": 103,
                    "row_min": 440,
                    "column_max": 439,
                    "row_max": 488
                },
                "embeddedtext": [
                    {
                        "id": 13,
                        "class": "Text",
                        "height": 22,
                        "width": 328,
                        "position": {
                            "column_min": 105,
                            "row_min": 440,
                            "column_max": 433,
                            "row_max": 462
                        },
                        "text_content": "My Account Straight Talk will receive :"
                    },
                    {
                        "id": 14,
                        "class": "Text",
                        "height": 30,
                        "width": 324,
                        "position": {
                            "column_min": 106,
                            "row_min": 461,
                            "column_max": 430,
                            "row_max": 491
                        },
                        "text_content": "your public profile and email address ."
                    }
                ]
            }
        ],
        "texts":[
        {
            "id": 8,
            "class": "Text",
            "height": 29,
            "width": 222,
            "position": {
                "column_min": 157,
                "row_min": 52,
                "column_max": 379,
                "row_max": 81
            },
            "text_content": "Log in with Facebook"
        },
        {
            "id": 9,
            "class": "Text",
            "height": 19,
            "width": 63,
            "position": {
                "column_min": 239,
                "row_min": 272,
                "column_max": 302,
                "row_max": 291
            },
            "text_content": "Straight"
        },
        {
            "id": 10,
            "class": "Text",
            "height": 19,
            "width": 21,
            "position": {
                "column_min": 272,
                "row_min": 292,
                "column_max": 293,
                "row_max": 311
            },
            "text_content": "Talk"
        },
        {
            "id": 11,
            "class": "Text",
            "height": 19,
            "width": 63,
            "position": {
                "column_min": 238,
                "row_min": 316,
                "column_max": 301,
                "row_max": 335
            },
            "text_content": "MY ACCOUNT"
        },
        {
            "id": 12,
            "class": "Text",
            "height": 22,
            "width": 194,
            "position": {
                "column_min": 173,
                "row_min": 384,
                "column_max": 367,
                "row_max": 406
            },
            "text_content": "Continue as Sam"
        },
        {
            "id": 13,
            "class": "Text",
            "height": 22,
            "width": 328,
            "position": {
                "column_min": 105,
                "row_min": 440,
                "column_max": 433,
                "row_max": 462
            },
            "text_content": "My Account Straight Talk will receive :"
        },
        {
            "id": 14,
            "class": "Text",
            "height": 30,
            "width": 324,
            "position": {
                "column_min": 106,
                "row_min": 461,
                "column_max": 430,
                "row_max": 491
            },
            "text_content": "your public profile and email address ."
        },
        {
            "id": 15,
            "class": "Text",
            "height": 23,
            "width": 73,
            "position": {
                "column_min": 250,
                "row_min": 514,
                "column_max": 323,
                "row_max": 537
            },
            "text_content": "Edit This"
        },
        {
            "id": 16,
            "class": "Text",
            "height": 22,
            "width": 70,
            "position": {
                "column_min": 235,
                "row_min": 732,
                "column_max": 305,
                "row_max": 754
            },
            "text_content": "Continue"
        },
        {
            "id": 17,
            "class": "Text",
            "height": 24,
            "width": 314,
            "position": {
                "column_min": 124,
                "row_min": 814,
                "column_max": 438,
                "row_max": 838
            },
            "text_content": "This doesn't let the app post to Facebook ."
        }
    ],
        "img_shape": [
            960,
            540,
            3
        ]
    }
}